{"plane_transform": [[0.6382698191219466, -0.033663850778312326, 0.1108016722736033, 0.16448741095015598], [-0.06416562816130655, -0.36335825193778537, -0.6613895671626128, 0.6148972277798526], [0.15254492602967762, 0.3189365526053165, -0.7418132041624932, 2.627435076144769], [0.0, 0.0, 0.0, 1.0]], "plane_transform_inv": [[1.522681525729668, 0.0328516794127356, 0.19814678484938006, -0.7912801612062821], [-0.4705738365431963, -1.5540359578535392, 1.3152675040399724, -2.4228041002397838], [0.11080167227360325, -0.6613895671626127, -0.7418132041624931, 2.3375271636934496], [0.0, 0.0, 0.0, 1.0]], "uncalibrated_poses": [[[-0.20405719634211827, 0.9373851631495524, 0.28225824439346525, 0.16448741095015598], [-0.6446068154563116, -0.3456552031456386, 0.6819124093354071, 0.6148972277798526], [0.7367786058839295, -0.04279645365487894, 0.6747782965287925, 2.627435076144769], [0.0, 0.0, 0.0, 1.0]], [[-0.36438806637702026, 0.9175490687457531, 0.1591384413830214, 0.8027572300721025], [-0.8837429149811683, -0.39459618528568075, 0.2515796310884015, 0.550731599618546], [0.29363207812261205, -0.0489648547612444, 0.954663629607626, 2.7799800021744465], [0.0, 0.0, 0.0, 1.0]], [[0.9963468791690274, 0.0809374023692142, 0.027240287587752238, 0.13082356017184366], [-0.08268726630834433, 0.8345839400968387, 0.5446397551803296, 0.2515389758420672], [0.021347420466943365, -0.5449025452593889, 0.8382275966640846, 2.9463716287500854], [0.0, 0.0, 0.0, 1.0]]]}