{"plane_transform": [[-0.26856238670761606, 1.3846536486729044, 0.06867340155041578, 0.24400562827330352], [0.7564449017783202, 0.08644891776140079, -0.7401733487472941, -0.14722120176718037], [-0.8646185383707032, 0.046496763700252686, -0.6689001253727734, 4.021180231653635], [0.0, 0.0, 0.0, 1.0]], "plane_transform_inv": [[-0.01462592432139569, 0.5806554637133171, -0.6440275531104016, 2.6788044682414824], [0.7159595410203, 0.1493315234342408, -0.09173841413966095, 0.21618330613844738], [0.06867340155041576, -0.740173348747294, -0.6689001253727733, 2.564042054690045], [0.0, 0.0, 0.0, 1.0]], "uncalibrated_poses": [[[-0.1006780104597158, -0.9834050489289994, 0.15092530586626587, 0.24400562827330352], [0.762520727976596, 0.02117320078480911, 0.6466172244648054, -0.14722120176718037], [-0.6390822150677609, 0.18018380978733545, 0.7477350580751218, 4.021180231653635], [0.0, 0.0, 0.0, 1.0]], [[-0.5913884237529032, -0.7958134130252684, 0.13015661297118036, -0.024556758434312563], [0.7040230067863006, -0.430842196130482, 0.5645587728031862, 0.6092237000111399], [-0.3932064828644522, 0.4255067727810411, 0.8150660391347628, 3.156561693282932], [0.0, 0.0, 0.0, 1.0]], [[0.9041977801689689, 0.31277249331083606, 0.29086034753061824, 1.628659276946208], [-0.42231530109263044, 0.5529041622634663, 0.7182943503987592, -0.06077228400577958], [0.06384481811823012, -0.7723149323817698, 0.6320233258508681, 4.067676995353888], [0.0, 0.0, 0.0, 1.0]]]}