{"plane_transform": [[-0.3763292163279202, 1.4472731106997756, 0.10124021163752273, 0.40996116861233023], [0.7773341808951173, 0.1317250055570786, -0.7446376319402152, -0.1529150573361549], [-0.9351047629696065, 0.07341433790612673, -0.6597463274972118, 4.147170154728831], [0.0, 0.0, 0.0, 1.0]], "plane_transform_inv": [[-0.018107566151454344, 0.5404889475815694, -0.6128137543109269, 2.631515209674771], [0.679164150913399, 0.1926305764040398, -0.11319692246109178, 0.22047208508525587], [0.10124021163752273, -0.744637631940215, -0.6597463274972117, 2.580709417432114], [0.0, 0.0, 0.0, 1.0]], "uncalibrated_poses": [[[-0.09577374272293615, -0.9655227915055247, 0.24206017699782884, 0.40996116861233023], [0.7142250216510062, 0.10272482731379773, 0.6923367882042455, -0.1529150573361549], [-0.6933325382905815, 0.2391931205882179, 0.6797621954851635, 4.147170154728831], [0.0, 0.0, 0.0, 1.0]], [[-0.8064026645031146, -0.4766492682053739, 0.35002888138203514, 0.033631952284409995], [0.5825543101642324, -0.5384822417152397, 0.6088245650977017, 0.6244191235589625], [-0.10171144670759844, 0.694868585040806, 0.7119076001364473, 3.212065391759224], [0.0, 0.0, 0.0, 1.0]], [[0.7376105084241681, 0.6622949849858533, 0.13151460270566379, 1.8572342793121057], [-0.6091609139776413, 0.5686717624566149, 0.5527525734597823, -0.021190051779076284], [0.291296616431027, -0.48782966232802594, 0.8229024862088821, 4.220584492634957], [0.0, 0.0, 0.0, 1.0]]]}